ID;Report_ID;Titel;Recruitment_Source;Participants;Task_Type;n_total;GenAI_Type;GenAI_Model;Creativity_Measurement;Measurement_Evaluator;n_treatment;SE_treatment;SD_treatment;M_treatment;n_control;SE_control;SD_control;M_control;F_value;df;t_value;unstandardised_beta;SE_beta;Z_value;cohens_d
HAI01;R1;A Confederacy of Models: a Comprehensive Evaluation of LLMs on Creative Writing;University;Academia;creative writing;10;T2T;GPT-4;creativity scale ;Expert;5;;1;7,6;5;;2;8;;;;;;;
HAI01;R2;A Confederacy of Models: a Comprehensive Evaluation of LLMs on Creative Writing;University;Academia;creative writing;10;T2T;stablelm;creativity scale ;Expert;5;;1,5;3,2;5;;2;8;;;;;;;
HAI01;R3;A Confederacy of Models: a Comprehensive Evaluation of LLMs on Creative Writing;University;Academia;creative writing;10;T2T;dolly;creativity scale ;Expert;5;;2,8;4,2;5;;2;8;;;;;;;
HAI01;R4;A Confederacy of Models: a Comprehensive Evaluation of LLMs on Creative Writing;University;Academia;creative writing;10;T2T;alpaca;creativity scale ;Expert;5;;1;1,9;5;;2;8;;;;;;;
HAI01;R5;A Confederacy of Models: a Comprehensive Evaluation of LLMs on Creative Writing;University;Academia;creative writing;10;T2T;Claude;creativity scale ;Expert;5;;2,3;7,1;5;;2;8;;;;;;;
HAI01;R6;A Confederacy of Models: a Comprehensive Evaluation of LLMs on Creative Writing;University;Academia;creative writing;10;T2T;bing;creativity scale ;Expert;5;;1,6;7;5;;2;8;;;;;;;
HAI01;R7;A Confederacy of Models: a Comprehensive Evaluation of LLMs on Creative Writing;University;Academia;creative writing;10;T2T;GPT-3.5;creativity scale ;Expert;5;;2,5;5,4;5;;2;8;;;;;;;
HAI01;R8;A Confederacy of Models: a Comprehensive Evaluation of LLMs on Creative Writing;University;Academia;creative writing;10;T2T;koala;creativity scale ;Expert;5;;2,3;5,8;5;;2;8;;;;;;;
HAI01;R9;A Confederacy of Models: a Comprehensive Evaluation of LLMs on Creative Writing;University;Academia;creative writing;10;T2T;vicuna;creativity scale ;Expert;5;;1,9;5,1;5;;2;8;;;;;;;
HAI01;R10;A Confederacy of Models: a Comprehensive Evaluation of LLMs on Creative Writing;University;Academia;creative writing;10;T2T;oa;creativity scale ;Expert;5;;2,1;4,9;5;;2;8;;;;;;;
HAI01;R11;A Confederacy of Models: a Comprehensive Evaluation of LLMs on Creative Writing;University;Academia;creative writing;10;T2T;Bard;creativity scale ;Expert;5;;2,1;3,9;5;;2;8;;;;;;;
HAI01;R12;A Confederacy of Models: a Comprehensive Evaluation of LLMs on Creative Writing;University;Academia;creative writing;10;T2T;GPT-4all;creativity scale ;Expert;5;;2,2;4,1;5;;2;8;;;;;;;
HAI02;R1;AI Delivers Creative Output but Struggles with Thinking Processes;Public;Laypeople;AUT;400;T2T;GPT-3.5;novelty scale;Human;100;;;;100;;;;;;5,32;;;;
HAI02;R2;AI Delivers Creative Output but Struggles with Thinking Processes;Public;Laypeople;AUT;400;T2T;GPT-4o;novelty scale;Human;100;;;;100;;;;;;8,89;;;;
HAI02;R3;AI Delivers Creative Output but Struggles with Thinking Processes;Public;Laypeople;AUT;400;T2T;GPT-4;novelty scale;Human;100;;;;100;;;;;;5,1;;;;
HAI02;R4;AI Delivers Creative Output but Struggles with Thinking Processes;Public;Laypeople;AUT;400;T2T;GPT-3.5;novelty scale;Human;100;;;;100;;;;;;4,68;;;;
HAI02;R5;AI Delivers Creative Output but Struggles with Thinking Processes;Public;Laypeople;AUT;400;T2T;GPT-4o;novelty scale;Human;100;;;;100;;;;;;4,25;;;;
HAI02;R6;AI Delivers Creative Output but Struggles with Thinking Processes;Public;Laypeople;AUT;400;T2T;GPT-4;novelty scale;Human;100;;;;100;;;;;;4,75;;;;
HAI03;R1;An empirical investigation of the impact of ChatGPT on creativity;Prolific;Laypeople;ideation other;200;T2T;GPT-3.5;creativity scale ;Expert;66;;;;67;;;;;;;;;;1,81
HAI04;R1;Artificial Creativity? Evaluating AI Against Human Performance in Creative Interpretation of Visual Stimuli;Prolific;Not disclosed;creative thinking;493;T2T;GPT-4;creativity scale ;Human;247;;0,0795;0,632;246;;0,0827;0,738;;;;;;;
HAI05;R1;Artificial muses: Generative Artificial Intelligence Chatbots Have Risen to Human-Level Creativity;Prolific;Academia;AUT;105;T2T;5 models;creativity scale ;Human;5;;;;100;;;;;;;-0,21;0,15;;
HAI06;R1;Best humans still outperform artificial intelligence in a creative divergent thinking task;Prolific;Not disclosed;AUT;1156;T2T;3 models;creativity scale ;Human;132;;0,39;2,91;1024;;0,47;2,47;;;;;;;
HAI07;R1;Can LLMs Generate Novel Research Ideas? A Large-Scale Human Study with 100+ NLP Researchers;Public;Academia;ideation other;98;T2T;Claude;novelty scale;Expert;49;;1,07;5,78;49;;1,26;4,86;;;;;;;
HAI08;R1;Creative and Strategic Capabilities of Generative Ai: Evidence from Large-Scale Experiments;Prolific ;Not disclosed;creative writing;912;T2T;Bard;creativity scale ;Human;216;;;;688;;;;;;;-0,924;0,051;;
HAI08;R2;Creative and Strategic Capabilities of Generative Ai: Evidence from Large-Scale Experiments;Prolific ;Not disclosed;creative writing;904;T2T;GPT-4;creativity scale ;Human;224;;;;688;;;;;;;1,879;0,039;;
HAI09;R1;Creativity and AI;Prolific;Not disclosed;creative writing;253;T2T;GPT-3.5;creativity scale;Human;127;0,169;;6,136;126;0,161;;5,331;;;;;;;
HAI09;R2;Creativity and AI;Prolific;Not disclosed;creative writing;238;T2T;GPT-4o;creativity scale;Human;119;0,187;;6,982;119;0,156;;5,936;;;;;;;
HAI09;R3;Creativity and AI;Prolific;Not disclosed;ideation product;243;T2T;GPT-3.5;creativity scale;Human;122;0,182;;5,108;121;0,173;;6,266;;;;;;;
HAI09;R4;Creativity and AI;Prolific;Not disclosed;ideation product;243;T2T;GPT-4o;creativity scale;Human;122;0,19;;5,933;121;0,159;;6,45;;;;;;;
HAI10;R1;Establishing the importance of co-creation and self-efficacy in creative collaboration with artificial intelligence;Prolific;Academia;creative writing;96;T2T;n.d.;creativity scale;Expert;50;;2;9,45;48;;4,94;18,23;;;;;;;
HAI11;R1;Evaluating Creative Short Story Generation in Humans and Large Language Models;Prolific;Academia;creative writing;120;T2T;> 5 models;creativity scale ;Expert;60;;0,55;2,33;60;;0,78;3,58;;;;;;;
HAI12;R1;How AI Ideas Affect the Creativity, Diversity, and Evolution of Human Ideas: Evidence From a Large, Dynamic Experiment;Public;Not disclosed;AUT;3000;T2T;GPT-3.5;originality scale;Rule-based;1500;;;;1500;;;;;;;0,618;0,027;;
HAI13;R1;How AI Outperforms Humans at Creative Idea Generation;Prolific;Business;ideation product;40;T2T;GPT-4;creativity scale ;Human;20;;;;20;;;;;;;0,343;0,089;;
HAI14;R1;Large Language Model in Creative Work: The Role of Collaboration Modality and User Expertise;Prolific;Business;ideation other;239;T2T;GPT-4;creativity scale ;Human;116;;1,913;3,974;117;;1,823;4,521;;;;;;;
HAI15;R1;Large Language Models show both individual and collective creativity comparable to humans;University;Academia;Divergent Thinking;585;T2T;Claude;novelty scale;Human;250;;;;235;;;;;;;;;;0,133
HAI15;R2;Large Language Models show both individual and collective creativity comparable to humans;University;Academia;creative writing;585;T2T;Claude;originality scale;Human;250;;;;235;;;;;;;;;;-1,278
HAI15;R3;Large Language Models show both individual and collective creativity comparable to humans;University;Academia;Divergent Thinking;585;T2T;GPT-3.5;novelty scale;Human;250;;;;235;;;;;;;;;;-0,026
HAI15;R4;Large Language Models show both individual and collective creativity comparable to humans;University;Academia;Divergent Thinking;585;T2T;GPT-3.5;novelty scale;Human;250;;;;235;;;;;;;;;;-0,196
HAI15;R5;Large Language Models show both individual and collective creativity comparable to humans;University;Academia;Divergent Thinking;585;T2T;GPT-4;novelty scale;Human;250;;;;235;;;;;;;;;;-0,037
HAI15;R6;Large Language Models show both individual and collective creativity comparable to humans;University;Academia;Divergent Thinking;585;T2T;GPT-4;novelty scale;Human;250;;;;235;;;;;;;;;;-0,046
HAI15;R7;Large Language Models show both individual and collective creativity comparable to humans;University;Academia;Divergent Thinking;585;T2T;Qwen;novelty scale;Human;250;;;;235;;;;;;;;;;-0,313
HAI15;R8;Large Language Models show both individual and collective creativity comparable to humans;University;Academia;Divergent Thinking;585;T2T;Qwen;novelty scale;Human;250;;;;235;;;;;;;;;;-0,066
HAI15;R9;Large Language Models show both individual and collective creativity comparable to humans;University;Academia;Divergent Thinking;585;T2T;SparkDesk;novelty scale;Human;250;;;;235;;;;;;;;;;-0,271
HAI15;R10;Large Language Models show both individual and collective creativity comparable to humans;University;Academia;Divergent Thinking;585;T2T;SparkDesk;novelty scale;Human;250;;;;235;;;;;;;;;;-0,371
HAI15;R11;Large Language Models show both individual and collective creativity comparable to humans;University;Academia;creative writing;585;T2T;Claude;originality scale;Human;250;;;;235;;;;;;;;;;-0,196
HAI15;R12;Large Language Models show both individual and collective creativity comparable to humans;University;Academia;creative writing;585;T2T;Claude;originality scale;Human;250;;;;235;;;;;;;;;;-0,605
HAI15;R13;Large Language Models show both individual and collective creativity comparable to humans;University;Academia;creative writing;585;T2T;Claude;originality scale;Human;250;;;;235;;;;;;;;;;0,263
HAI15;R14;Large Language Models show both individual and collective creativity comparable to humans;University;Academia;creative problem solving;585;T2T;Claude;originality scale;Human;250;;;;235;;;;;;;;;;-0,415
HAI15;R15;Large Language Models show both individual and collective creativity comparable to humans;University;Academia;creative writing;585;T2T;GPT-3.5;originality scale;Human;250;;;;235;;;;;;;;;;-0,604
HAI15;R16;Large Language Models show both individual and collective creativity comparable to humans;University;Academia;creative writing;585;T2T;GPT-3.5;originality scale;Human;250;;;;235;;;;;;;;;;-1,441
HAI15;R17;Large Language Models show both individual and collective creativity comparable to humans;University;Academia;creative writing;585;T2T;GPT-3.5;originality scale;Human;250;;;;235;;;;;;;;;;-0,779
HAI15;R18;Large Language Models show both individual and collective creativity comparable to humans;University;Academia;creative writing;585;T2T;GPT-3.5;originality scale;Human;250;;;;235;;;;;;;;;;-1,765
HAI15;R19;Large Language Models show both individual and collective creativity comparable to humans;University;Academia;creative writing;585;T2T;GPT-4;originality scale;Human;250;;;;235;;;;;;;;;;1,416
HAI15;R20;Large Language Models show both individual and collective creativity comparable to humans;University;Academia;creative writing;585;T2T;GPT-4;originality scale;Human;250;;;;235;;;;;;;;;;-1,612
HAI15;R21;Large Language Models show both individual and collective creativity comparable to humans;University;Academia;creative writing;585;T2T;GPT-4;originality scale;Human;250;;;;235;;;;;;;;;;-0,718
HAI15;R22;Large Language Models show both individual and collective creativity comparable to humans;University;Academia;creative writing;585;T2T;GPT-4;originality scale;Human;250;;;;235;;;;;;;;;;-1,242
HAI15;R23;Large Language Models show both individual and collective creativity comparable to humans;University;Academia;creative writing;585;T2T;Qwen;originality scale;Human;250;;;;235;;;;;;;;;;-0,161
HAI15;R24;Large Language Models show both individual and collective creativity comparable to humans;University;Academia;creative writing;585;T2T;Qwen;originality scale;Human;250;;;;235;;;;;;;;;;-0,98
HAI15;R25;Large Language Models show both individual and collective creativity comparable to humans;University;Academia;creative writing;585;T2T;Qwen;originality scale;Human;250;;;;235;;;;;;;;;;-1,663
HAI15;R26;Large Language Models show both individual and collective creativity comparable to humans;University;Academia;creative writing;585;T2T;SparkDesk;originality scale;Human;250;;;;235;;;;;;;;;;-0,034
HAI15;R27;Large Language Models show both individual and collective creativity comparable to humans;University;Academia;creative writing;585;T2T;SparkDesk;originality scale;Human;250;;;;235;;;;;;;;;;-0,619
HAI15;R28;Large Language Models show both individual and collective creativity comparable to humans;University;Academia;creative writing;585;T2T;SparkDesk;originality scale;Human;250;;;;235;;;;;;;;;;-1,461
HAI15;R29;Large Language Models show both individual and collective creativity comparable to humans;University;Academia;Divergent Thinking;585;T2T;Claude;novelty scale;Human;250;;;;235;;;;;;;;;;-0,087
HAI15;R30;Large Language Models show both individual and collective creativity comparable to humans;University;Academia;creative problem solving;585;T2T;Claude;originality scale;Human;250;;;;235;;;;;;;;;;0,144
HAI15;R31;Large Language Models show both individual and collective creativity comparable to humans;University;Academia;creative problem solving;585;T2T;Claude;originality scale;Human;250;;;;235;;;;;;;;;;0,047
HAI15;R32;Large Language Models show both individual and collective creativity comparable to humans;University;Academia;creative problem solving;585;T2T;Claude;originality scale;Human;250;;;;235;;;;;;;;;;0,569
HAI15;R33;Large Language Models show both individual and collective creativity comparable to humans;University;Academia;creative problem solving;585;T2T;Claude;originality scale;Human;250;;;;235;;;;;;;;;;1,05
HAI15;R34;Large Language Models show both individual and collective creativity comparable to humans;University;Academia;creative problem solving;585;T2T;GPT-3.5;originality scale;Human;250;;;;235;;;;;;;;;;-0,305
HAI15;R35;Large Language Models show both individual and collective creativity comparable to humans;University;Academia;creative problem solving;585;T2T;GPT-3.5;originality scale;Human;250;;;;235;;;;;;;;;;-0,097
HAI15;R36;Large Language Models show both individual and collective creativity comparable to humans;University;Academia;creative problem solving;585;T2T;GPT-3.5;originality scale;Human;250;;;;235;;;;;;;;;;-1,351
HAI15;R37;Large Language Models show both individual and collective creativity comparable to humans;University;Academia;creative problem solving;585;T2T;GPT-3.5;originality scale;Human;250;;;;235;;;;;;;;;;1,001
HAI15;R38;Large Language Models show both individual and collective creativity comparable to humans;University;Academia;creative problem solving;585;T2T;GPT-3.5;originality scale;Human;250;;;;235;;;;;;;;;;-0,309
HAI15;R39;Large Language Models show both individual and collective creativity comparable to humans;University;Academia;creative problem solving;585;T2T;GPT-4;originality scale;Human;250;;;;235;;;;;;;;;;1,518
HAI15;R40;Large Language Models show both individual and collective creativity comparable to humans;University;Academia;creative problem solving;585;T2T;GPT-4;originality scale;Human;250;;;;235;;;;;;;;;;0,082
HAI15;R41;Large Language Models show both individual and collective creativity comparable to humans;University;Academia;creative problem solving;585;T2T;GPT-4;originality scale;Human;250;;;;235;;;;;;;;;;-1,161
HAI15;R42;Large Language Models show both individual and collective creativity comparable to humans;University;Academia;creative problem solving;585;T2T;GPT-4;originality scale;Human;250;;;;235;;;;;;;;;;0,51
HAI15;R43;Large Language Models show both individual and collective creativity comparable to humans;University;Academia;creative problem solving;585;T2T;GPT-4;originality scale;Human;250;;;;235;;;;;;;;;;0,42
HAI15;R44;Large Language Models show both individual and collective creativity comparable to humans;University;Academia;creative problem solving;585;T2T;Qwen;originality scale;Human;250;;;;235;;;;;;;;;;0,044
HAI15;R45;Large Language Models show both individual and collective creativity comparable to humans;University;Academia;creative problem solving;585;T2T;Qwen;originality scale;Human;250;;;;235;;;;;;;;;;-0,14
HAI15;R46;Large Language Models show both individual and collective creativity comparable to humans;University;Academia;creative problem solving;585;T2T;Qwen;originality scale;Human;250;;;;235;;;;;;;;;;0,293
HAI15;R47;Large Language Models show both individual and collective creativity comparable to humans;University;Academia;creative problem solving;585;T2T;Qwen;originality scale;Human;250;;;;235;;;;;;;;;;-0,41
HAI15;R48;Large Language Models show both individual and collective creativity comparable to humans;University;Academia;creative problem solving;585;T2T;SparkDesk;originality scale;Human;250;;;;235;;;;;;;;;;0,64
HAI15;R49;Large Language Models show both individual and collective creativity comparable to humans;University;Academia;creative problem solving;585;T2T;SparkDesk;originality scale;Human;250;;;;235;;;;;;;;;;0,255
HAI15;R50;Large Language Models show both individual and collective creativity comparable to humans;University;Academia;creative problem solving;585;T2T;SparkDesk;originality scale;Human;250;;;;235;;;;;;;;;;-0,192
HAI15;R51;Large Language Models show both individual and collective creativity comparable to humans;University;Academia;creative problem solving;585;T2T;SparkDesk;originality scale;Human;250;;;;235;;;;;;;;;;-0,379
HAI15;R52;Large Language Models show both individual and collective creativity comparable to humans;University;Academia;creative problem solving;585;T2T;SparkDesk;originality scale;Human;250;;;;235;;;;;;;;;;0,721
HAI16;R1;One Does Not Simply Meme Alone: Evaluating Co-Creativity Between LLMs and Humans in the Generation of Humor, 1082–1092;Prolific;Academia;ideation other;300;T2T;GPT-4o;creativity scale;Human;150;;;;150;;;;5,793;2;;;;;
HAI17;R1;Revolution or inflated expectations? Exploring the impact of generative AI on ideation in a practical sustainability context;Company;Business;ideation other;60;T2T;GPT-4;novelty scale;Expert;30;;0,48;3,13;30;;0,52;2,73;;;;;;;
HAI18;R1;The current state of artificial intelligence generative language models is more creative than humans on divergent thinking tasks;Prolific;Academia;AUT;151;T2T;GPT-4;semantic distance;AI;151;;0,02;0,84;151;;0,04;0,79;;;;;;;
HAI18;R2;The current state of artificial intelligence generative language models is more creative than humans on divergent thinking tasks;Prolific;Academia;AUT;151;T2T;GPT-4;semantic distance;AI;151;;0,02;0,79;151;;0,06;0,68;;;;;;;
HAI18;R3;The current state of artificial intelligence generative language models is more creative than humans on divergent thinking tasks;Prolific;Academia;CT;151;T2T;GPT-4;semantic distance;AI;151;;0,02;0,71;151;;0,05;0,67;;;;;;;
HAI18;R4;The current state of artificial intelligence generative language models is more creative than humans on divergent thinking tasks;Prolific;Academia;CT;151;T2T;GPT-4;semantic distance;AI;151;;0,01;0,73;151;;0,06;0,67;;;;;;;
HAI18;R5;The current state of artificial intelligence generative language models is more creative than humans on divergent thinking tasks;Prolific;Academia;DAT;151;T2T;GPT-4;semantic distance;AI;151;;3,05;84,56;151;;6,13;76,95;;;;;;;
HAI19;R1;The Language of Creativity: Evidence from Humans and Large Language Models;Prolific;Not disclosed;creative writing;600;T2T;GPT-3;creativity scale ;Human;300;;0,72;2,85;300;;0,7;2,93;;;;;;;
HAI19;R2;The Language of Creativity: Evidence from Humans and Large Language Models;Prolific;Not disclosed;creative writing;420;T2T;GPT-4;creativity scale ;Human;120;;0,52;2,94;300;;0,7;2,93;;;;;;;
HAI20;R1;We're Different, We're the Same: Creative Homogeneity Across LLMs;Prolific;Not disclosed;AUT;124;T2T;> 5 models;semantic distance;Rule-based;22;;;0,711;102;;;0,696;;;;;;;0,1
HAI20;R3;We're Different, We're the Same: Creative Homogeneity Across LLMs;Prolific;Not disclosed;DAT;124;T2T;> 5 models;semantic distance;Rule-based;22;;;0,801;102;;;0,753;;;;;;;0,77
HAI20;R2;We're Different, We're the Same: Creative Homogeneity Across LLMs;Prolific;Not disclosed;FF;124;T2T;> 5 models;semantic distance;Rule-based;22;;;0,603;102;;;0,637;;;;;;;0,52
HAI21;R2;Writing, creativity, and artificial intelligence. ChatGPT in the university context;University;Academia;creative thinking;213;T2T;> 5 models;originality scale;Rule-based;20;;7,818;7,8;193;;8,509;9,35;;;;;;;
HAI21;R1;Writing, creativity, and artificial intelligence. ChatGPT in the university context;University;Academia;ideation other;213;T2T;> 5 models;originality scale;Rule-based;20;;20,451;37,4;193;;8,337;11,02;;;;;;;